model,layer,feature_ind,importance
InceptionV1,mixed5a,0,-6
InceptionV1,mixed5a,1,79
InceptionV1,mixed5a,2,8
InceptionV1,mixed5a,3,-8
InceptionV1,mixed5a,4,18
InceptionV1,mixed5a,5,0
InceptionV1,mixed5a,6,75
InceptionV1,mixed5a,7,11
InceptionV1,mixed5a,8,4
InceptionV1,mixed5a,9,1
InceptionV1,mixed5a,10,28
InceptionV1,mixed5a,11,29
InceptionV1,mixed5a,12,36
InceptionV1,mixed5a,13,1
InceptionV1,mixed5a,14,10
InceptionV1,mixed5a,15,22
InceptionV1,mixed5a,16,22
InceptionV1,mixed5a,17,-9
InceptionV1,mixed5a,18,20
InceptionV1,mixed5a,19,-2
InceptionV1,mixed5a,20,18
InceptionV1,mixed5a,21,15
InceptionV1,mixed5a,22,35
InceptionV1,mixed5a,23,22
InceptionV1,mixed5a,24,33
InceptionV1,mixed5a,25,-2
InceptionV1,mixed5a,26,48
InceptionV1,mixed5a,27,39
InceptionV1,mixed5a,28,20
InceptionV1,mixed5a,29,9
InceptionV1,mixed5a,30,23
InceptionV1,mixed5a,31,-13
InceptionV1,mixed5a,32,2
InceptionV1,mixed5a,33,61
InceptionV1,mixed5a,34,33
InceptionV1,mixed5a,35,19
InceptionV1,mixed5a,36,8
InceptionV1,mixed5a,37,16
InceptionV1,mixed5a,38,18
InceptionV1,mixed5a,39,81
InceptionV1,mixed5a,40,-12
InceptionV1,mixed5a,41,18
InceptionV1,mixed5a,42,44
InceptionV1,mixed5a,43,-18
InceptionV1,mixed5a,44,43
InceptionV1,mixed5a,45,12
InceptionV1,mixed5a,46,62
InceptionV1,mixed5a,47,23
InceptionV1,mixed5a,48,48
InceptionV1,mixed5a,49,16
InceptionV1,mixed5a,50,32
InceptionV1,mixed5a,51,26
InceptionV1,mixed5a,52,34
InceptionV1,mixed5a,53,56
InceptionV1,mixed5a,54,-17
InceptionV1,mixed5a,55,19
InceptionV1,mixed5a,56,31
InceptionV1,mixed5a,57,58
InceptionV1,mixed5a,58,30
InceptionV1,mixed5a,59,-17
InceptionV1,mixed5a,60,41
InceptionV1,mixed5a,61,9
InceptionV1,mixed5a,62,13
InceptionV1,mixed5a,63,29
InceptionV1,mixed5a,64,11
InceptionV1,mixed5a,65,15
InceptionV1,mixed5a,66,2
InceptionV1,mixed5a,67,13
InceptionV1,mixed5a,68,-3
InceptionV1,mixed5a,69,-7
InceptionV1,mixed5a,70,28
InceptionV1,mixed5a,71,-1
InceptionV1,mixed5a,72,36
InceptionV1,mixed5a,73,17
InceptionV1,mixed5a,74,24
InceptionV1,mixed5a,75,4
InceptionV1,mixed5a,76,22
InceptionV1,mixed5a,77,3
InceptionV1,mixed5a,78,22
InceptionV1,mixed5a,79,21
InceptionV1,mixed5a,80,-9
InceptionV1,mixed5a,81,-9
InceptionV1,mixed5a,82,10
InceptionV1,mixed5a,83,43
InceptionV1,mixed5a,84,26
InceptionV1,mixed5a,85,7
InceptionV1,mixed5a,86,8
InceptionV1,mixed5a,87,68
InceptionV1,mixed5a,88,18
InceptionV1,mixed5a,89,13
InceptionV1,mixed5a,90,34
InceptionV1,mixed5a,91,41
InceptionV1,mixed5a,92,6
InceptionV1,mixed5a,93,16
InceptionV1,mixed5a,94,8
InceptionV1,mixed5a,95,2
InceptionV1,mixed5a,96,30
InceptionV1,mixed5a,97,14
InceptionV1,mixed5a,98,26
InceptionV1,mixed5a,99,-5
InceptionV1,mixed5a,100,14
InceptionV1,mixed5a,101,6
InceptionV1,mixed5a,102,6
InceptionV1,mixed5a,103,20
InceptionV1,mixed5a,104,24
InceptionV1,mixed5a,105,31
InceptionV1,mixed5a,106,62
InceptionV1,mixed5a,107,27
InceptionV1,mixed5a,108,3
InceptionV1,mixed5a,109,37
InceptionV1,mixed5a,110,38
InceptionV1,mixed5a,111,9
InceptionV1,mixed5a,112,36
InceptionV1,mixed5a,113,39
InceptionV1,mixed5a,114,12
InceptionV1,mixed5a,115,28
InceptionV1,mixed5a,116,32
InceptionV1,mixed5a,117,-2
InceptionV1,mixed5a,118,16
InceptionV1,mixed5a,119,7
InceptionV1,mixed5a,120,32
InceptionV1,mixed5a,121,32
InceptionV1,mixed5a,122,10
InceptionV1,mixed5a,123,12
InceptionV1,mixed5a,124,10
InceptionV1,mixed5a,125,21
InceptionV1,mixed5a,126,25
InceptionV1,mixed5a,127,20
InceptionV1,mixed5a,128,-2
InceptionV1,mixed5a,129,24
InceptionV1,mixed5a,130,21
InceptionV1,mixed5a,131,44
InceptionV1,mixed5a,132,20
InceptionV1,mixed5a,133,19
InceptionV1,mixed5a,134,-4
InceptionV1,mixed5a,135,30
InceptionV1,mixed5a,136,21
InceptionV1,mixed5a,137,30
InceptionV1,mixed5a,138,27
InceptionV1,mixed5a,139,14
InceptionV1,mixed5a,140,13
InceptionV1,mixed5a,141,13
InceptionV1,mixed5a,142,29
InceptionV1,mixed5a,143,64
InceptionV1,mixed5a,144,29
InceptionV1,mixed5a,145,29
InceptionV1,mixed5a,146,11
InceptionV1,mixed5a,147,32
InceptionV1,mixed5a,148,57
InceptionV1,mixed5a,149,43
InceptionV1,mixed5a,150,38
InceptionV1,mixed5a,151,-4
InceptionV1,mixed5a,152,15
InceptionV1,mixed5a,153,12
InceptionV1,mixed5a,154,32
InceptionV1,mixed5a,155,9
InceptionV1,mixed5a,156,6
InceptionV1,mixed5a,157,47
InceptionV1,mixed5a,158,39
InceptionV1,mixed5a,159,18
InceptionV1,mixed5a,160,21
InceptionV1,mixed5a,161,2
InceptionV1,mixed5a,162,29
InceptionV1,mixed5a,163,1
InceptionV1,mixed5a,164,-4
InceptionV1,mixed5a,165,15
InceptionV1,mixed5a,166,14
InceptionV1,mixed5a,167,40
InceptionV1,mixed5a,168,16
InceptionV1,mixed5a,169,9
InceptionV1,mixed5a,170,31
InceptionV1,mixed5a,171,23
InceptionV1,mixed5a,172,-4
InceptionV1,mixed5a,173,28
InceptionV1,mixed5a,174,20
InceptionV1,mixed5a,175,29
InceptionV1,mixed5a,176,44
InceptionV1,mixed5a,177,-11
InceptionV1,mixed5a,178,11
InceptionV1,mixed5a,179,21
InceptionV1,mixed5a,180,22
InceptionV1,mixed5a,181,20
InceptionV1,mixed5a,182,23
InceptionV1,mixed5a,183,20
InceptionV1,mixed5a,184,35
InceptionV1,mixed5a,185,12
InceptionV1,mixed5a,186,8
InceptionV1,mixed5a,187,26
InceptionV1,mixed5a,188,14
InceptionV1,mixed5a,189,26
InceptionV1,mixed5a,190,-17
InceptionV1,mixed5a,191,1
InceptionV1,mixed5a,192,2
InceptionV1,mixed5a,193,8
InceptionV1,mixed5a,194,-13
InceptionV1,mixed5a,195,-8
InceptionV1,mixed5a,196,23
InceptionV1,mixed5a,197,-21
InceptionV1,mixed5a,198,15
InceptionV1,mixed5a,199,-5
InceptionV1,mixed5a,200,14
InceptionV1,mixed5a,201,-10
InceptionV1,mixed5a,202,12
InceptionV1,mixed5a,203,48
InceptionV1,mixed5a,204,6
InceptionV1,mixed5a,205,16
InceptionV1,mixed5a,206,16
InceptionV1,mixed5a,207,-7
InceptionV1,mixed5a,208,11
InceptionV1,mixed5a,209,8
InceptionV1,mixed5a,210,19
InceptionV1,mixed5a,211,44
InceptionV1,mixed5a,212,21
InceptionV1,mixed5a,213,41
InceptionV1,mixed5a,214,21
InceptionV1,mixed5a,215,49
InceptionV1,mixed5a,216,-74
InceptionV1,mixed5a,217,13
InceptionV1,mixed5a,218,6
InceptionV1,mixed5a,219,10
InceptionV1,mixed5a,220,20
InceptionV1,mixed5a,221,-4
InceptionV1,mixed5a,222,8
InceptionV1,mixed5a,223,19
InceptionV1,mixed5a,224,6
InceptionV1,mixed5a,225,22
InceptionV1,mixed5a,226,4
InceptionV1,mixed5a,227,24
InceptionV1,mixed5a,228,19
InceptionV1,mixed5a,229,48
InceptionV1,mixed5a,230,14
InceptionV1,mixed5a,231,13
InceptionV1,mixed5a,232,29
InceptionV1,mixed5a,233,-2
InceptionV1,mixed5a,234,45
InceptionV1,mixed5a,235,6
InceptionV1,mixed5a,236,25
InceptionV1,mixed5a,237,27
InceptionV1,mixed5a,238,19
InceptionV1,mixed5a,239,34
InceptionV1,mixed5a,240,27
InceptionV1,mixed5a,241,4
InceptionV1,mixed5a,242,36
InceptionV1,mixed5a,243,10
InceptionV1,mixed5a,244,-15
InceptionV1,mixed5a,245,-2
InceptionV1,mixed5a,246,1
InceptionV1,mixed5a,247,37
InceptionV1,mixed5a,248,22
InceptionV1,mixed5a,249,22
InceptionV1,mixed5a,250,26
InceptionV1,mixed5a,251,7
InceptionV1,mixed5a,252,23
InceptionV1,mixed5a,253,-7
InceptionV1,mixed5a,254,23
InceptionV1,mixed5a,255,2
InceptionV1,mixed5a,256,30
InceptionV1,mixed5a,257,4
InceptionV1,mixed5a,258,-2
InceptionV1,mixed5a,259,9
InceptionV1,mixed5a,260,11
InceptionV1,mixed5a,261,28
InceptionV1,mixed5a,262,11
InceptionV1,mixed5a,263,-5
InceptionV1,mixed5a,264,22
InceptionV1,mixed5a,265,5
InceptionV1,mixed5a,266,32
InceptionV1,mixed5a,267,9
InceptionV1,mixed5a,268,-7
InceptionV1,mixed5a,269,-4
InceptionV1,mixed5a,270,9
InceptionV1,mixed5a,271,-2
InceptionV1,mixed5a,272,-4
InceptionV1,mixed5a,273,-2
InceptionV1,mixed5a,274,11
InceptionV1,mixed5a,275,-2
InceptionV1,mixed5a,276,5
InceptionV1,mixed5a,277,-11
InceptionV1,mixed5a,278,-2
InceptionV1,mixed5a,279,17
InceptionV1,mixed5a,280,-9
InceptionV1,mixed5a,281,-1
InceptionV1,mixed5a,282,-14
InceptionV1,mixed5a,283,12
InceptionV1,mixed5a,284,21
InceptionV1,mixed5a,285,-7
InceptionV1,mixed5a,286,2
InceptionV1,mixed5a,287,23
InceptionV1,mixed5a,288,15
InceptionV1,mixed5a,289,24
InceptionV1,mixed5a,290,-20
InceptionV1,mixed5a,291,14
InceptionV1,mixed5a,292,13
InceptionV1,mixed5a,293,9
InceptionV1,mixed5a,294,9
InceptionV1,mixed5a,295,22
InceptionV1,mixed5a,296,7
InceptionV1,mixed5a,297,9
InceptionV1,mixed5a,298,11
InceptionV1,mixed5a,299,7
InceptionV1,mixed5a,300,3
InceptionV1,mixed5a,301,14
InceptionV1,mixed5a,302,2
InceptionV1,mixed5a,303,23
InceptionV1,mixed5a,304,23
InceptionV1,mixed5a,305,4
InceptionV1,mixed5a,306,-13
InceptionV1,mixed5a,307,17
InceptionV1,mixed5a,308,-1
InceptionV1,mixed5a,309,-11
InceptionV1,mixed5a,310,13
InceptionV1,mixed5a,311,35
InceptionV1,mixed5a,312,-14
InceptionV1,mixed5a,313,-3
InceptionV1,mixed5a,314,-5
InceptionV1,mixed5a,315,16
InceptionV1,mixed5a,316,15
InceptionV1,mixed5a,317,3
InceptionV1,mixed5a,318,-2
InceptionV1,mixed5a,319,11
InceptionV1,mixed5a,320,-5
InceptionV1,mixed5a,321,0
InceptionV1,mixed5a,322,0
InceptionV1,mixed5a,323,36
InceptionV1,mixed5a,324,17
InceptionV1,mixed5a,325,-8
InceptionV1,mixed5a,326,4
InceptionV1,mixed5a,327,-20
InceptionV1,mixed5a,328,-8
InceptionV1,mixed5a,329,13
InceptionV1,mixed5a,330,17
InceptionV1,mixed5a,331,1
InceptionV1,mixed5a,332,7
InceptionV1,mixed5a,333,29
InceptionV1,mixed5a,334,8
InceptionV1,mixed5a,335,16
InceptionV1,mixed5a,336,14
InceptionV1,mixed5a,337,48
InceptionV1,mixed5a,338,-10
InceptionV1,mixed5a,339,6
InceptionV1,mixed5a,340,0
InceptionV1,mixed5a,341,18
InceptionV1,mixed5a,342,3
InceptionV1,mixed5a,343,6
InceptionV1,mixed5a,344,-2
InceptionV1,mixed5a,345,8
InceptionV1,mixed5a,346,-13
InceptionV1,mixed5a,347,-23
InceptionV1,mixed5a,348,-11
InceptionV1,mixed5a,349,21
InceptionV1,mixed5a,350,23
InceptionV1,mixed5a,351,6
InceptionV1,mixed5a,352,4
InceptionV1,mixed5a,353,5
InceptionV1,mixed5a,354,1
InceptionV1,mixed5a,355,39
InceptionV1,mixed5a,356,27
InceptionV1,mixed5a,357,19
InceptionV1,mixed5a,358,-3
InceptionV1,mixed5a,359,12
InceptionV1,mixed5a,360,12
InceptionV1,mixed5a,361,-17
InceptionV1,mixed5a,362,16
InceptionV1,mixed5a,363,8
InceptionV1,mixed5a,364,19
InceptionV1,mixed5a,365,5
InceptionV1,mixed5a,366,-1
InceptionV1,mixed5a,367,0
InceptionV1,mixed5a,368,5
InceptionV1,mixed5a,369,-9
InceptionV1,mixed5a,370,17
InceptionV1,mixed5a,371,6
InceptionV1,mixed5a,372,-13
InceptionV1,mixed5a,373,18
InceptionV1,mixed5a,374,0
InceptionV1,mixed5a,375,10
InceptionV1,mixed5a,376,29
InceptionV1,mixed5a,377,9
InceptionV1,mixed5a,378,18
InceptionV1,mixed5a,379,29
InceptionV1,mixed5a,380,-6
InceptionV1,mixed5a,381,16
InceptionV1,mixed5a,382,6
InceptionV1,mixed5a,383,1
InceptionV1,mixed5a,384,14
InceptionV1,mixed5a,385,14
InceptionV1,mixed5a,386,-9
InceptionV1,mixed5a,387,-1
InceptionV1,mixed5a,388,8
InceptionV1,mixed5a,389,3
InceptionV1,mixed5a,390,9
InceptionV1,mixed5a,391,20
InceptionV1,mixed5a,392,9
InceptionV1,mixed5a,393,-7
InceptionV1,mixed5a,394,28
InceptionV1,mixed5a,395,13
InceptionV1,mixed5a,396,6
InceptionV1,mixed5a,397,-2
InceptionV1,mixed5a,398,3
InceptionV1,mixed5a,399,24
InceptionV1,mixed5a,400,7
InceptionV1,mixed5a,401,6
InceptionV1,mixed5a,402,36
InceptionV1,mixed5a,403,-9
InceptionV1,mixed5a,404,25
InceptionV1,mixed5a,405,-22
InceptionV1,mixed5a,406,6
InceptionV1,mixed5a,407,-16
InceptionV1,mixed5a,408,22
InceptionV1,mixed5a,409,5
InceptionV1,mixed5a,410,1
InceptionV1,mixed5a,411,-44
InceptionV1,mixed5a,412,12
InceptionV1,mixed5a,413,-1
InceptionV1,mixed5a,414,-1
InceptionV1,mixed5a,415,18
InceptionV1,mixed5a,416,6
InceptionV1,mixed5a,417,18
InceptionV1,mixed5a,418,-30
InceptionV1,mixed5a,419,38
InceptionV1,mixed5a,420,20
InceptionV1,mixed5a,421,3
InceptionV1,mixed5a,422,-6
InceptionV1,mixed5a,423,1
InceptionV1,mixed5a,424,7
InceptionV1,mixed5a,425,9
InceptionV1,mixed5a,426,11
InceptionV1,mixed5a,427,14
InceptionV1,mixed5a,428,34
InceptionV1,mixed5a,429,4
InceptionV1,mixed5a,430,22
InceptionV1,mixed5a,431,15
InceptionV1,mixed5a,432,4
InceptionV1,mixed5a,433,16
InceptionV1,mixed5a,434,3
InceptionV1,mixed5a,435,6
InceptionV1,mixed5a,436,-7
InceptionV1,mixed5a,437,8
InceptionV1,mixed5a,438,1
InceptionV1,mixed5a,439,4
InceptionV1,mixed5a,440,-12
InceptionV1,mixed5a,441,11
InceptionV1,mixed5a,442,3
InceptionV1,mixed5a,443,-4
InceptionV1,mixed5a,444,-7
InceptionV1,mixed5a,445,4
InceptionV1,mixed5a,446,12
InceptionV1,mixed5a,447,13
InceptionV1,mixed5a,448,9
InceptionV1,mixed5a,449,2
InceptionV1,mixed5a,450,21
InceptionV1,mixed5a,451,1
InceptionV1,mixed5a,452,6
InceptionV1,mixed5a,453,5
InceptionV1,mixed5a,454,-12
InceptionV1,mixed5a,455,8
InceptionV1,mixed5a,456,10
InceptionV1,mixed5a,457,21
InceptionV1,mixed5a,458,0
InceptionV1,mixed5a,459,12
InceptionV1,mixed5a,460,1
InceptionV1,mixed5a,461,21
InceptionV1,mixed5a,462,23
InceptionV1,mixed5a,463,10
InceptionV1,mixed5a,464,20
InceptionV1,mixed5a,465,28
InceptionV1,mixed5a,466,2
InceptionV1,mixed5a,467,9
InceptionV1,mixed5a,468,9
InceptionV1,mixed5a,469,10
InceptionV1,mixed5a,470,-10
InceptionV1,mixed5a,471,0
InceptionV1,mixed5a,472,14
InceptionV1,mixed5a,473,-20
InceptionV1,mixed5a,474,24
InceptionV1,mixed5a,475,23
InceptionV1,mixed5a,476,7
InceptionV1,mixed5a,477,6
InceptionV1,mixed5a,478,-13
InceptionV1,mixed5a,479,28
InceptionV1,mixed5a,480,43
InceptionV1,mixed5a,481,18
InceptionV1,mixed5a,482,43
InceptionV1,mixed5a,483,-9
InceptionV1,mixed5a,484,11
InceptionV1,mixed5a,485,12
InceptionV1,mixed5a,486,11
InceptionV1,mixed5a,487,17
InceptionV1,mixed5a,488,22
InceptionV1,mixed5a,489,-7
InceptionV1,mixed5a,490,19
InceptionV1,mixed5a,491,0
InceptionV1,mixed5a,492,-10
InceptionV1,mixed5a,493,3
InceptionV1,mixed5a,494,23
InceptionV1,mixed5a,495,8
InceptionV1,mixed5a,496,28
InceptionV1,mixed5a,497,-2
InceptionV1,mixed5a,498,17
InceptionV1,mixed5a,499,-1
InceptionV1,mixed5a,500,-7
InceptionV1,mixed5a,501,3
InceptionV1,mixed5a,502,16
InceptionV1,mixed5a,503,10
InceptionV1,mixed5a,504,2
InceptionV1,mixed5a,505,5
InceptionV1,mixed5a,506,16
InceptionV1,mixed5a,507,-10
InceptionV1,mixed5a,508,39
InceptionV1,mixed5a,509,38
InceptionV1,mixed5a,510,-17
InceptionV1,mixed5a,511,-9
InceptionV1,mixed5a,512,25
InceptionV1,mixed5a,513,-12
InceptionV1,mixed5a,514,1
InceptionV1,mixed5a,515,19
InceptionV1,mixed5a,516,23
InceptionV1,mixed5a,517,15
InceptionV1,mixed5a,518,20
InceptionV1,mixed5a,519,-25
InceptionV1,mixed5a,520,17
InceptionV1,mixed5a,521,15
InceptionV1,mixed5a,522,2
InceptionV1,mixed5a,523,2
InceptionV1,mixed5a,524,23
InceptionV1,mixed5a,525,16
InceptionV1,mixed5a,526,-18
InceptionV1,mixed5a,527,14
InceptionV1,mixed5a,528,3
InceptionV1,mixed5a,529,4
InceptionV1,mixed5a,530,-9
InceptionV1,mixed5a,531,5
InceptionV1,mixed5a,532,11
InceptionV1,mixed5a,533,-12
InceptionV1,mixed5a,534,3
InceptionV1,mixed5a,535,5
InceptionV1,mixed5a,536,17
InceptionV1,mixed5a,537,10
InceptionV1,mixed5a,538,8
InceptionV1,mixed5a,539,3
InceptionV1,mixed5a,540,19
InceptionV1,mixed5a,541,6
InceptionV1,mixed5a,542,2
InceptionV1,mixed5a,543,24
InceptionV1,mixed5a,544,19
InceptionV1,mixed5a,545,8
InceptionV1,mixed5a,546,18
InceptionV1,mixed5a,547,-17
InceptionV1,mixed5a,548,-2
InceptionV1,mixed5a,549,24
InceptionV1,mixed5a,550,25
InceptionV1,mixed5a,551,12
InceptionV1,mixed5a,552,21
InceptionV1,mixed5a,553,3
InceptionV1,mixed5a,554,8
InceptionV1,mixed5a,555,-12
InceptionV1,mixed5a,556,4
InceptionV1,mixed5a,557,4
InceptionV1,mixed5a,558,17
InceptionV1,mixed5a,559,22
InceptionV1,mixed5a,560,-10
InceptionV1,mixed5a,561,18
InceptionV1,mixed5a,562,10
InceptionV1,mixed5a,563,18
InceptionV1,mixed5a,564,47
InceptionV1,mixed5a,565,25
InceptionV1,mixed5a,566,-10
InceptionV1,mixed5a,567,-15
InceptionV1,mixed5a,568,0
InceptionV1,mixed5a,569,25
InceptionV1,mixed5a,570,14
InceptionV1,mixed5a,571,14
InceptionV1,mixed5a,572,-14
InceptionV1,mixed5a,573,17
InceptionV1,mixed5a,574,5
InceptionV1,mixed5a,575,15
InceptionV1,mixed5a,576,-13
InceptionV1,mixed5a,577,34
InceptionV1,mixed5a,578,14
InceptionV1,mixed5a,579,-8
InceptionV1,mixed5a,580,21
InceptionV1,mixed5a,581,76
InceptionV1,mixed5a,582,16
InceptionV1,mixed5a,583,0
InceptionV1,mixed5a,584,21
InceptionV1,mixed5a,585,-8
InceptionV1,mixed5a,586,18
InceptionV1,mixed5a,587,8
InceptionV1,mixed5a,588,14
InceptionV1,mixed5a,589,7
InceptionV1,mixed5a,590,12
InceptionV1,mixed5a,591,24
InceptionV1,mixed5a,592,-1
InceptionV1,mixed5a,593,11
InceptionV1,mixed5a,594,8
InceptionV1,mixed5a,595,19
InceptionV1,mixed5a,596,9
InceptionV1,mixed5a,597,-34
InceptionV1,mixed5a,598,41
InceptionV1,mixed5a,599,8
InceptionV1,mixed5a,600,47
InceptionV1,mixed5a,601,-11
InceptionV1,mixed5a,602,6
InceptionV1,mixed5a,603,101
InceptionV1,mixed5a,604,-7
InceptionV1,mixed5a,605,72
InceptionV1,mixed5a,606,-8
InceptionV1,mixed5a,607,-28
InceptionV1,mixed5a,608,11
InceptionV1,mixed5a,609,-3
InceptionV1,mixed5a,610,-2
InceptionV1,mixed5a,611,21
InceptionV1,mixed5a,612,-11
InceptionV1,mixed5a,613,4
InceptionV1,mixed5a,614,19
InceptionV1,mixed5a,615,-1
InceptionV1,mixed5a,616,12
InceptionV1,mixed5a,617,12
InceptionV1,mixed5a,618,-4
InceptionV1,mixed5a,619,-5
InceptionV1,mixed5a,620,24
InceptionV1,mixed5a,621,7
InceptionV1,mixed5a,622,18
InceptionV1,mixed5a,623,-8
InceptionV1,mixed5a,624,19
InceptionV1,mixed5a,625,-9
InceptionV1,mixed5a,626,18
InceptionV1,mixed5a,627,-2
InceptionV1,mixed5a,628,15
InceptionV1,mixed5a,629,4
InceptionV1,mixed5a,630,5
InceptionV1,mixed5a,631,22
InceptionV1,mixed5a,632,-4
InceptionV1,mixed5a,633,53
InceptionV1,mixed5a,634,4
InceptionV1,mixed5a,635,26
InceptionV1,mixed5a,636,73
InceptionV1,mixed5a,637,24
InceptionV1,mixed5a,638,22
InceptionV1,mixed5a,639,18
InceptionV1,mixed5a,640,2
InceptionV1,mixed5a,641,2
InceptionV1,mixed5a,642,10
InceptionV1,mixed5a,643,-7
InceptionV1,mixed5a,644,0
InceptionV1,mixed5a,645,-11
InceptionV1,mixed5a,646,39
InceptionV1,mixed5a,647,1
InceptionV1,mixed5a,648,20
InceptionV1,mixed5a,649,4
InceptionV1,mixed5a,650,20
InceptionV1,mixed5a,651,30
InceptionV1,mixed5a,652,3
InceptionV1,mixed5a,653,10
InceptionV1,mixed5a,654,30
InceptionV1,mixed5a,655,0
InceptionV1,mixed5a,656,36
InceptionV1,mixed5a,657,43
InceptionV1,mixed5a,658,21
InceptionV1,mixed5a,659,10
InceptionV1,mixed5a,660,11
InceptionV1,mixed5a,661,8
InceptionV1,mixed5a,662,8
InceptionV1,mixed5a,663,31
InceptionV1,mixed5a,664,-2
InceptionV1,mixed5a,665,64
InceptionV1,mixed5a,666,-7
InceptionV1,mixed5a,667,4
InceptionV1,mixed5a,668,48
InceptionV1,mixed5a,669,4
InceptionV1,mixed5a,670,31
InceptionV1,mixed5a,671,31
InceptionV1,mixed5a,672,-9
InceptionV1,mixed5a,673,15
InceptionV1,mixed5a,674,-3
InceptionV1,mixed5a,675,4
InceptionV1,mixed5a,676,1
InceptionV1,mixed5a,677,38
InceptionV1,mixed5a,678,28
InceptionV1,mixed5a,679,-6
InceptionV1,mixed5a,680,21
InceptionV1,mixed5a,681,36
InceptionV1,mixed5a,682,11
InceptionV1,mixed5a,683,27
InceptionV1,mixed5a,684,4
InceptionV1,mixed5a,685,6
InceptionV1,mixed5a,686,0
InceptionV1,mixed5a,687,2
InceptionV1,mixed5a,688,29
InceptionV1,mixed5a,689,3
InceptionV1,mixed5a,690,-15
InceptionV1,mixed5a,691,21
InceptionV1,mixed5a,692,78
InceptionV1,mixed5a,693,6
InceptionV1,mixed5a,694,15
InceptionV1,mixed5a,695,-4
InceptionV1,mixed5a,696,9
InceptionV1,mixed5a,697,-6
InceptionV1,mixed5a,698,1
InceptionV1,mixed5a,699,33
InceptionV1,mixed5a,700,-5
InceptionV1,mixed5a,701,5
InceptionV1,mixed5a,702,30
InceptionV1,mixed5a,703,-11
InceptionV1,mixed5a,704,73
InceptionV1,mixed5a,705,57
InceptionV1,mixed5a,706,17
InceptionV1,mixed5a,707,8
InceptionV1,mixed5a,708,15
InceptionV1,mixed5a,709,5
InceptionV1,mixed5a,710,42
InceptionV1,mixed5a,711,28
InceptionV1,mixed5a,712,85
InceptionV1,mixed5a,713,16
InceptionV1,mixed5a,714,37
InceptionV1,mixed5a,715,7
InceptionV1,mixed5a,716,15
InceptionV1,mixed5a,717,48
InceptionV1,mixed5a,718,14
InceptionV1,mixed5a,719,42
InceptionV1,mixed5a,720,157
InceptionV1,mixed5a,721,47
InceptionV1,mixed5a,722,21
InceptionV1,mixed5a,723,16
InceptionV1,mixed5a,724,25
InceptionV1,mixed5a,725,19
InceptionV1,mixed5a,726,70
InceptionV1,mixed5a,727,43
InceptionV1,mixed5a,728,25
InceptionV1,mixed5a,729,9
InceptionV1,mixed5a,730,16
InceptionV1,mixed5a,731,55
InceptionV1,mixed5a,732,21
InceptionV1,mixed5a,733,16
InceptionV1,mixed5a,734,0
InceptionV1,mixed5a,735,-4
InceptionV1,mixed5a,736,25
InceptionV1,mixed5a,737,17
InceptionV1,mixed5a,738,39
InceptionV1,mixed5a,739,-4
InceptionV1,mixed5a,740,10
InceptionV1,mixed5a,741,43
InceptionV1,mixed5a,742,30
InceptionV1,mixed5a,743,18
InceptionV1,mixed5a,744,84
InceptionV1,mixed5a,745,15
InceptionV1,mixed5a,746,24
InceptionV1,mixed5a,747,-17
InceptionV1,mixed5a,748,27
InceptionV1,mixed5a,749,-2
InceptionV1,mixed5a,750,14
InceptionV1,mixed5a,751,48
InceptionV1,mixed5a,752,-17
InceptionV1,mixed5a,753,1
InceptionV1,mixed5a,754,62
InceptionV1,mixed5a,755,28
InceptionV1,mixed5a,756,5
InceptionV1,mixed5a,757,48
InceptionV1,mixed5a,758,49
InceptionV1,mixed5a,759,19
InceptionV1,mixed5a,760,47
InceptionV1,mixed5a,761,86
InceptionV1,mixed5a,762,40
InceptionV1,mixed5a,763,40
InceptionV1,mixed5a,764,-15
InceptionV1,mixed5a,765,28
InceptionV1,mixed5a,766,31
InceptionV1,mixed5a,767,51
InceptionV1,mixed5a,768,66
InceptionV1,mixed5a,769,108
InceptionV1,mixed5a,770,3
InceptionV1,mixed5a,771,9
InceptionV1,mixed5a,772,37
InceptionV1,mixed5a,773,3
InceptionV1,mixed5a,774,253
InceptionV1,mixed5a,775,60
InceptionV1,mixed5a,776,58
InceptionV1,mixed5a,777,21
InceptionV1,mixed5a,778,27
InceptionV1,mixed5a,779,-18
InceptionV1,mixed5a,780,43
InceptionV1,mixed5a,781,-1
InceptionV1,mixed5a,782,16
InceptionV1,mixed5a,783,40
InceptionV1,mixed5a,784,37
InceptionV1,mixed5a,785,120
InceptionV1,mixed5a,786,-4
InceptionV1,mixed5a,787,4
InceptionV1,mixed5a,788,24
InceptionV1,mixed5a,789,13
InceptionV1,mixed5a,790,31
InceptionV1,mixed5a,791,60
InceptionV1,mixed5a,792,18
InceptionV1,mixed5a,793,18
InceptionV1,mixed5a,794,-18
InceptionV1,mixed5a,795,117
InceptionV1,mixed5a,796,21
InceptionV1,mixed5a,797,-16
InceptionV1,mixed5a,798,9
InceptionV1,mixed5a,799,17
InceptionV1,mixed5a,800,187
InceptionV1,mixed5a,801,31
InceptionV1,mixed5a,802,12
InceptionV1,mixed5a,803,113
InceptionV1,mixed5a,804,0
InceptionV1,mixed5a,805,41
InceptionV1,mixed5a,806,50
InceptionV1,mixed5a,807,38
InceptionV1,mixed5a,808,41
InceptionV1,mixed5a,809,39
InceptionV1,mixed5a,810,92
InceptionV1,mixed5a,811,60
InceptionV1,mixed5a,812,91
InceptionV1,mixed5a,813,159
InceptionV1,mixed5a,814,49
InceptionV1,mixed5a,815,22
InceptionV1,mixed5a,816,65
InceptionV1,mixed5a,817,-16
InceptionV1,mixed5a,818,18
InceptionV1,mixed5a,819,35
InceptionV1,mixed5a,820,26
InceptionV1,mixed5a,821,30
InceptionV1,mixed5a,822,27
InceptionV1,mixed5a,823,39
InceptionV1,mixed5a,824,33
InceptionV1,mixed5a,825,3
InceptionV1,mixed5a,826,20
InceptionV1,mixed5a,827,11
InceptionV1,mixed5a,828,3
InceptionV1,mixed5a,829,3
InceptionV1,mixed5a,830,11
InceptionV1,mixed5a,831,16
